{
  "train_loss": [
    3.485679452486302,
    2.237554939154088,
    1.7869643816045229,
    1.5433279105364017,
    1.3876583990964872,
    1.2757469867530675,
    1.1918606354717702,
    1.1264724340810044,
    1.0732225261990165,
    1.028162363286854,
    0.9891729633322385,
    0.9558178571942049,
    0.9271452158585246,
    0.9012128041173898,
    0.8779019726387817,
    0.8569429861187046,
    0.8377908179168716,
    0.8201137205626701,
    0.803817002442899,
    0.7888520600376029,
    0.774819152761137,
    0.7620747118876982,
    0.7498431018531339,
    0.7382588570637595,
    0.7275751413970184,
    0.71681803639063,
    0.7078798637234558,
    0.6983661032976187,
    0.6896149798275252,
    0.6809427346814606
  ],
  "val_loss": [
    2.9705049486123034,
    2.32483289932081,
    1.9997688286452961,
    1.8087448016013743,
    1.6962995186777643,
    1.6089564824098312,
    1.5469975091139405,
    1.5087643181602097,
    1.4646370322623568,
    1.4432646480079176,
    1.4251141714299391,
    1.4056589505154238,
    1.3810990930599523,
    1.3665886869018635,
    1.3672887560336138,
    1.3508530879381906,
    1.3426954134245574,
    1.3416525965807586,
    1.3258510445925724,
    1.319908405249533,
    1.316276773940226,
    1.3099576335154444,
    1.3027118180064672,
    1.3068111733620125,
    1.2985111233301767,
    1.3014366404133664,
    1.2961372406085863,
    1.2910122783963573,
    1.2916559378678854,
    1.28531809268581
  ],
  "val_ppl": [
    19.501764499158167,
    10.22497134337279,
    7.387348158243365,
    6.102782419960717,
    5.453728584376977,
    4.99759342922285,
    4.69734525190669,
    4.521140649809426,
    4.325972766754145,
    4.23449741961675,
    4.158332578431509,
    4.078213196737708,
    3.979272816018971,
    3.9219488540323693,
    3.9246954506529614,
    3.8607176579270397,
    3.8293512921323596,
    3.825360061527047,
    3.765388505321088,
    3.7430785152163404,
    3.729509687490069,
    3.706016697984954,
    3.6792606365224922,
    3.6943741900656906,
    3.663837602362066,
    3.6745719159107053,
    3.655150396866216,
    3.6364658090018844,
    3.6388072081137577,
    3.615817939547058
  ]
}